5/1/12;0:00:00;78
5/1/12;0:15:00;80
5/1/12;0:30:00;84
5/1/12;0:45:00;78
5/1/12;1:00:00;79
5/1/12;1:15:00;79
5/1/12;1:30:00;78
5/1/12;1:45:00;78
5/1/12;2:00:00;78
5/1/12;2:15:00;84
5/1/12;2:30:00;83
5/1/12;2:45:00;78
5/1/12;3:00:00;78
5/1/12;3:15:00;77
5/1/12;3:30:00;78
5/1/12;3:45:00;78
5/1/12;4:00:00;82
5/1/12;4:15:00;84
5/1/12;4:30:00;78
5/1/12;4:45:00;78
5/1/12;5:00:00;78
5/1/12;5:15:00;78
5/1/12;5:30:00;78
5/1/12;5:45:00;82
5/1/12;6:00:00;83
5/1/12;6:15:00;75
5/1/12;6:30:00;75
5/1/12;6:45:00;78
5/1/12;7:00:00;80
5/1/12;7:15:00;81
5/1/12;7:30:00;80
5/1/12;7:45:00;79
5/1/12;8:00:00;80
5/1/12;8:15:00;80
5/1/12;8:30:00;79
5/1/12;8:45:00;81
5/1/12;9:00:00;80
5/1/12;9:15:00;81
5/1/12;9:30:00;78
5/1/12;9:45:00;76
5/1/12;10:00:00;81
5/1/12;10:15:00;81
5/1/12;10:30:00;81
5/1/12;10:45:00;81
5/1/12;11:00:00;82
5/1/12;11:15:00;81
5/1/12;11:30:00;81
5/1/12;11:45:00;82
5/1/12;12:00:00;80
5/1/12;12:15:00;76
5/1/12;12:30:00;76
5/1/12;12:45:00;77
5/1/12;13:00:00;76
5/1/12;13:15:00;77
5/1/12;13:30:00;77
5/1/12;13:45:00;79
5/1/12;14:00:00;84
5/1/12;14:15:00;80
5/1/12;14:30:00;78
5/1/12;14:45:00;76
5/1/12;15:00:00;77
5/1/12;15:15:00;79
5/1/12;15:30:00;78
5/1/12;15:45:00;81
5/1/12;16:00:00;85
5/1/12;16:15:00;80
5/1/12;16:30:00;79
5/1/12;16:45:00;79
5/1/12;17:00:00;78
5/1/12;17:15:00;79
5/1/12;17:30:00;79
5/1/12;17:45:00;84
5/1/12;18:00:00;84
5/1/12;18:15:00;79
5/1/12;18:30:00;79
5/1/12;18:45:00;80
5/1/12;19:00:00;80
5/1/12;19:15:00;79
5/1/12;19:30:00;86
5/1/12;19:45:00;85
5/1/12;20:00:00;79
5/1/12;20:15:00;79
5/1/12;20:30:00;78
5/1/12;20:45:00;77
5/1/12;21:00:00;79
5/1/12;21:15:00;82
5/1/12;21:30:00;83
5/1/12;21:45:00;84
5/1/12;22:00:00;95
5/1/12;22:15:00;123
5/1/12;22:30:00;129
5/1/12;22:45:00;124
5/1/12;23:00:00;144
5/1/12;23:15:00;149
5/1/12;23:30:00;162
5/1/12;23:45:00;167
5/2/12;0:00:00;154
5/2/12;0:15:00;162
5/2/12;0:30:00;168
5/2/12;0:45:00;147
5/2/12;1:00:00;155
5/2/12;1:15:00;163
5/2/12;1:30:00;164
5/2/12;1:45:00;151
5/2/12;2:00:00;153
5/2/12;2:15:00;163
5/2/12;2:30:00;146
5/2/12;2:45:00;178
5/2/12;3:00:00;154
5/2/12;3:15:00;166
5/2/12;3:30:00;167
5/2/12;3:45:00;167
5/2/12;4:00:00;157
5/2/12;4:15:00;165
5/2/12;4:30:00;149
5/2/12;4:45:00;146
5/2/12;5:00:00;158
5/2/12;5:15:00;172
5/2/12;5:30:00;201
5/2/12;5:45:00;163
5/2/12;6:00:00;155
5/2/12;6:15:00;154
5/2/12;6:30:00;187
5/2/12;6:45:00;207
5/2/12;7:00:00;204
5/2/12;7:15:00;214
5/2/12;7:30:00;197
5/2/12;7:45:00;201
5/2/12;8:00:00;203
5/2/12;8:15:00;213
5/2/12;8:30:00;215
5/2/12;8:45:00;203
5/2/12;9:00:00;173
5/2/12;9:15:00;161
5/2/12;9:30:00;207
5/2/12;9:45:00;236
5/2/12;10:00:00;207
5/2/12;10:15:00;211
5/2/12;10:30:00;207
5/2/12;10:45:00;230
5/2/12;11:00:00;201
5/2/12;11:15:00;222
5/2/12;11:30:00;264
5/2/12;11:45:00;221
5/2/12;12:00:00;204
5/2/12;12:15:00;217
5/2/12;12:30:00;192
5/2/12;12:45:00;228
5/2/12;13:00:00;213
5/2/12;13:15:00;250
5/2/12;13:30:00;209
5/2/12;13:45:00;202
5/2/12;14:00:00;197
5/2/12;14:15:00;181
5/2/12;14:30:00;211
5/2/12;14:45:00;227
5/2/12;15:00:00;225
5/2/12;15:15:00;194
5/2/12;15:30:00;201
5/2/12;15:45:00;230
5/2/12;16:00:00;228
5/2/12;16:15:00;187
5/2/12;16:30:00;162
5/2/12;16:45:00;179
5/2/12;17:00:00;183
5/2/12;17:15:00;180
5/2/12;17:30:00;192
5/2/12;17:45:00;184
5/2/12;18:00:00;183
5/2/12;18:15:00;153
5/2/12;18:30:00;177
5/2/12;18:45:00;203
5/2/12;19:00:00;194
5/2/12;19:15:00;195
5/2/12;19:30:00;173
5/2/12;19:45:00;216
5/2/12;20:00:00;192
5/2/12;20:15:00;168
5/2/12;20:30:00;185
5/2/12;20:45:00;194
5/2/12;21:00:00;173
5/2/12;21:15:00;183
5/2/12;21:30:00;192
5/2/12;21:45:00;163
5/2/12;22:00:00;186
5/2/12;22:15:00;152
5/2/12;22:30:00;144
5/2/12;22:45:00;187
5/2/12;23:00:00;154
5/2/12;23:15:00;185
5/2/12;23:30:00;181
5/2/12;23:45:00;154
5/3/12;0:00:00;169
5/3/12;0:15:00;187
5/3/12;0:30:00;168
5/3/12;0:45:00;179
5/3/12;1:00:00;160
5/3/12;1:15:00;136
5/3/12;1:30:00;136
5/3/12;1:45:00;154
5/3/12;2:00:00;182
5/3/12;2:15:00;190
5/3/12;2:30:00;156
5/3/12;2:45:00;189
5/3/12;3:00:00;163
5/3/12;3:15:00;130
5/3/12;3:30:00;134
5/3/12;3:45:00;136
5/3/12;4:00:00;145
5/3/12;4:15:00;152
5/3/12;4:30:00;150
5/3/12;4:45:00;142
5/3/12;5:00:00;156
5/3/12;5:15:00;154
5/3/12;5:30:00;160
5/3/12;5:45:00;163
5/3/12;6:00:00;186
5/3/12;6:15:00;157
5/3/12;6:30:00;183
5/3/12;6:45:00;196
5/3/12;7:00:00;236
5/3/12;7:15:00;240
5/3/12;7:30:00;233
5/3/12;7:45:00;226
5/3/12;8:00:00;224
5/3/12;8:15:00;243
5/3/12;8:30:00;239
5/3/12;8:45:00;215
5/3/12;9:00:00;189
5/3/12;9:15:00;220
5/3/12;9:30:00;254
5/3/12;9:45:00;286
5/3/12;10:00:00;284
5/3/12;10:15:00;229
5/3/12;10:30:00;268
5/3/12;10:45:00;289
5/3/12;11:00:00;226
5/3/12;11:15:00;234
5/3/12;11:30:00;276
5/3/12;11:45:00;271
5/3/12;12:00:00;228
5/3/12;12:15:00;289
5/3/12;12:30:00;283
5/3/12;12:45:00;226
5/3/12;13:00:00;234
5/3/12;13:15:00;256
5/3/12;13:30:00;215
5/3/12;13:45:00;238
5/3/12;14:00:00;272
5/3/12;14:15:00;224
5/3/12;14:30:00;216
5/3/12;14:45:00;209
5/3/12;15:00:00;202
5/3/12;15:15:00;182
5/3/12;15:30:00;201
5/3/12;15:45:00;196
5/3/12;16:00:00;170
5/3/12;16:15:00;183
5/3/12;16:30:00;205
5/3/12;16:45:00;182
5/3/12;17:00:00;188
5/3/12;17:15:00;201
5/3/12;17:30:00;213
5/3/12;17:45:00;188
5/3/12;18:00:00;210
5/3/12;18:15:00;159
5/3/12;18:30:00;212
5/3/12;18:45:00;217
5/3/12;19:00:00;227
5/3/12;19:15:00;186
5/3/12;19:30:00;234
5/3/12;19:45:00;183
5/3/12;20:00:00;171
5/3/12;20:15:00;226
5/3/12;20:30:00;204
5/3/12;20:45:00;208
5/3/12;21:00:00;198
5/3/12;21:15:00;162
5/3/12;21:30:00;173
5/3/12;21:45:00;182
5/3/12;22:00:00;166
5/3/12;22:15:00;145
5/3/12;22:30:00;157
5/3/12;22:45:00;152
5/3/12;23:00:00;168
5/3/12;23:15:00;191
5/3/12;23:30:00;181
5/3/12;23:45:00;191
5/4/12;0:00:00;188
5/4/12;0:15:00;160
5/4/12;0:30:00;171
5/4/12;0:45:00;184
5/4/12;1:00:00;149
5/4/12;1:15:00;154
5/4/12;1:30:00;173
5/4/12;1:45:00;188
5/4/12;2:00:00;156
5/4/12;2:15:00;150
5/4/12;2:30:00;165
5/4/12;2:45:00;161
5/4/12;3:00:00;176
5/4/12;3:15:00;141
5/4/12;3:30:00;129
5/4/12;3:45:00;130
5/4/12;4:00:00;138
5/4/12;4:15:00;139
5/4/12;4:30:00;164
5/4/12;4:45:00;184
5/4/12;5:00:00;170
5/4/12;5:15:00;165
5/4/12;5:30:00;180
5/4/12;5:45:00;175
5/4/12;6:00:00;157
5/4/12;6:15:00;151
5/4/12;6:30:00;165
5/4/12;6:45:00;157
5/4/12;7:00:00;179
5/4/12;7:15:00;182
5/4/12;7:30:00;188
5/4/12;7:45:00;194
5/4/12;8:00:00;208
5/4/12;8:15:00;188
5/4/12;8:30:00;208
5/4/12;8:45:00;231
5/4/12;9:00:00;263
5/4/12;9:15:00;243
5/4/12;9:30:00;207
5/4/12;9:45:00;200
5/4/12;10:00:00;207
5/4/12;10:15:00;222
5/4/12;10:30:00;233
5/4/12;10:45:00;226
5/4/12;11:00:00;272
5/4/12;11:15:00;243
5/4/12;11:30:00;237
5/4/12;11:45:00;245
5/4/12;12:00:00;246
5/4/12;12:15:00;264
5/4/12;12:30:00;295
5/4/12;12:45:00;255
5/4/12;13:00:00;267
5/4/12;13:15:00;230
5/4/12;13:30:00;248
5/4/12;13:45:00;255
5/4/12;14:00:00;214
5/4/12;14:15:00;213
5/4/12;14:30:00;217
5/4/12;14:45:00;248
5/4/12;15:00:00;204
5/4/12;15:15:00;244
5/4/12;15:30:00;219
5/4/12;15:45:00;207
5/4/12;16:00:00;217
5/4/12;16:15:00;236
5/4/12;16:30:00;245
5/4/12;16:45:00;230
5/4/12;17:00:00;212
5/4/12;17:15:00;215
5/4/12;17:30:00;172
5/4/12;17:45:00;163
5/4/12;18:00:00;162
5/4/12;18:15:00;184
5/4/12;18:30:00;222
5/4/12;18:45:00;201
5/4/12;19:00:00;169
5/4/12;19:15:00;184
5/4/12;19:30:00;213
5/4/12;19:45:00;188
5/4/12;20:00:00;169
5/4/12;20:15:00;197
5/4/12;20:30:00;203
5/4/12;20:45:00;184
5/4/12;21:00:00;150
5/4/12;21:15:00;174
5/4/12;21:30:00;200
5/4/12;21:45:00;176
5/4/12;22:00:00;172
5/4/12;22:15:00;198
5/4/12;22:30:00;179
5/4/12;22:45:00;158
5/4/12;23:00:00;183
5/4/12;23:15:00;197
5/4/12;23:30:00;173
5/4/12;23:45:00;159
5/5/12;0:00:00;184
5/5/12;0:15:00;210
5/5/12;0:30:00;189
5/5/12;0:45:00;158
5/5/12;1:00:00;161
5/5/12;1:15:00;183
5/5/12;1:30:00;210
5/5/12;1:45:00;193
5/5/12;2:00:00;153
5/5/12;2:15:00;196
5/5/12;2:30:00;203
5/5/12;2:45:00;164
5/5/12;3:00:00;148
5/5/12;3:15:00;149
5/5/12;3:30:00;187
5/5/12;3:45:00;200
5/5/12;4:00:00;172
5/5/12;4:15:00;145
5/5/12;4:30:00;139
5/5/12;4:45:00;134
5/5/12;5:00:00;130
5/5/12;5:15:00;131
5/5/12;5:30:00;135
5/5/12;5:45:00;132
5/5/12;6:00:00;121
5/5/12;6:15:00;79
5/5/12;6:30:00;75
5/5/12;6:45:00;73
5/5/12;7:00:00;72
5/5/12;7:15:00;77
5/5/12;7:30:00;73
5/5/12;7:45:00;71
5/5/12;8:00:00;75
5/5/12;8:15:00;77
5/5/12;8:30:00;76
5/5/12;8:45:00;77
5/5/12;9:00:00;76
5/5/12;9:15:00;76
5/5/12;9:30:00;76
5/5/12;9:45:00;77
5/5/12;10:00:00;76
5/5/12;10:15:00;77
5/5/12;10:30:00;76
5/5/12;10:45:00;76
5/5/12;11:00:00;76
5/5/12;11:15:00;71
5/5/12;11:30:00;74
5/5/12;11:45:00;77
5/5/12;12:00:00;75
5/5/12;12:15:00;75
5/5/12;12:30:00;70
5/5/12;12:45:00;77
5/5/12;13:00:00;76
5/5/12;13:15:00;75
5/5/12;13:30:00;72
5/5/12;13:45:00;73
5/5/12;14:00:00;76
5/5/12;14:15:00;76
5/5/12;14:30:00;76
5/5/12;14:45:00;72
5/5/12;15:00:00;73
5/5/12;15:15:00;77
5/5/12;15:30:00;75
5/5/12;15:45:00;70
5/5/12;16:00:00;76
5/5/12;16:15:00;77
5/5/12;16:30:00;76
5/5/12;16:45:00;71
5/5/12;17:00:00;73
5/5/12;17:15:00;76
5/5/12;17:30:00;76
5/5/12;17:45:00;73
5/5/12;18:00:00;71
5/5/12;18:15:00;78
5/5/12;18:30:00;78
5/5/12;18:45:00;74
5/5/12;19:00:00;73
5/5/12;19:15:00;78
5/5/12;19:30:00;73
5/5/12;19:45:00;50
5/5/12;20:00:00;65
5/5/12;20:15:00;78
5/5/12;20:30:00;77
5/5/12;20:45:00;72
5/5/12;21:00:00;58
5/5/12;21:15:00;73
5/5/12;21:30:00;78
5/5/12;21:45:00;73
5/5/12;22:00:00;72
5/5/12;22:15:00;59
5/5/12;22:30:00;75
5/5/12;22:45:00;78
5/5/12;23:00:00;73
5/5/12;23:15:00;72
5/5/12;23:30:00;70
5/5/12;23:45:00;64
5/6/12;0:00:00;78
5/6/12;0:15:00;76
5/6/12;0:30:00;73
5/6/12;0:45:00;69
5/6/12;1:00:00;63
5/6/12;1:15:00;73
5/6/12;1:30:00;71
5/6/12;1:45:00;74
5/6/12;2:00:00;71
5/6/12;2:15:00;72
5/6/12;2:30:00;72
5/6/12;2:45:00;72
5/6/12;3:00:00;61
5/6/12;3:15:00;62
5/6/12;3:30:00;72
5/6/12;3:45:00;72
5/6/12;4:00:00;72
5/6/12;4:15:00;56
5/6/12;4:30:00;73
5/6/12;4:45:00;78
5/6/12;5:00:00;71
5/6/12;5:15:00;57
5/6/12;5:30:00;72
5/6/12;5:45:00;71
5/6/12;6:00:00;71
5/6/12;6:15:00;59
5/6/12;6:30:00;72
5/6/12;6:45:00;72
5/6/12;7:00:00;68
5/6/12;7:15:00;65
5/6/12;7:30:00;78
5/6/12;7:45:00;72
5/6/12;8:00:00;64
5/6/12;8:15:00;56
5/6/12;8:30:00;72
5/6/12;8:45:00;72
5/6/12;9:00:00;73
5/6/12;9:15:00;45
5/6/12;9:30:00;72
5/6/12;9:45:00;72
5/6/12;10:00:00;78
5/6/12;10:15:00;67
5/6/12;10:30:00;61
5/6/12;10:45:00;72
5/6/12;11:00:00;73
5/6/12;11:15:00;74
5/6/12;11:30:00;58
5/6/12;11:45:00;74
5/6/12;12:00:00;73
5/6/12;12:15:00;72
5/6/12;12:30:00;74
5/6/12;12:45:00;57
5/6/12;13:00:00;73
5/6/12;13:15:00;72
5/6/12;13:30:00;76
5/6/12;13:45:00;77
5/6/12;14:00:00;50
5/6/12;14:15:00;70
5/6/12;14:30:00;76
5/6/12;14:45:00;78
5/6/12;15:00:00;75
5/6/12;15:15:00;59
5/6/12;15:30:00;69
5/6/12;15:45:00;79
5/6/12;16:00:00;74
5/6/12;16:15:00;74
5/6/12;16:30:00;73
5/6/12;16:45:00;55
5/6/12;17:00:00;75
5/6/12;17:15:00;72
5/6/12;17:30:00;77
5/6/12;17:45:00;78
5/6/12;18:00:00;56
5/6/12;18:15:00;60
5/6/12;18:30:00;77
5/6/12;18:45:00;78
5/6/12;19:00:00;73
5/6/12;19:15:00;67
5/6/12;19:30:00;41
5/6/12;19:45:00;70
5/6/12;20:00:00;78
5/6/12;20:15:00;73
5/6/12;20:30:00;72
5/6/12;20:45:00;56
5/6/12;21:00:00;54
5/6/12;21:15:00;72
5/6/12;21:30:00;72
5/6/12;21:45:00;83
5/6/12;22:00:00;76
5/6/12;22:15:00;103
5/6/12;22:30:00;128
5/6/12;22:45:00;134
5/6/12;23:00:00;137
5/6/12;23:15:00;139
5/6/12;23:30:00;142
5/6/12;23:45:00;144
5/7/12;0:00:00;149
5/7/12;0:15:00;143
5/7/12;0:30:00;138
5/7/12;0:45:00;131
5/7/12;1:00:00;145
5/7/12;1:15:00;151
5/7/12;1:30:00;146
5/7/12;1:45:00;144
5/7/12;2:00:00;165
5/7/12;2:15:00;213
5/7/12;2:30:00;192
5/7/12;2:45:00;141
5/7/12;3:00:00;163
5/7/12;3:15:00;189
5/7/12;3:30:00;185
5/7/12;3:45:00;191
5/7/12;4:00:00;180
5/7/12;4:15:00;183
5/7/12;4:30:00;182
5/7/12;4:45:00;205
5/7/12;5:00:00;168
5/7/12;5:15:00;180
5/7/12;5:30:00;184
5/7/12;5:45:00;183
5/7/12;6:00:00;161
5/7/12;6:15:00;164
5/7/12;6:30:00;174
5/7/12;6:45:00;172
5/7/12;7:00:00;155
5/7/12;7:15:00;202
5/7/12;7:30:00;187
5/7/12;7:45:00;219
5/7/12;8:00:00;166
5/7/12;8:15:00;203
5/7/12;8:30:00;185
5/7/12;8:45:00;175
5/7/12;9:00:00;157
5/7/12;9:15:00;150
5/7/12;9:30:00;215
5/7/12;9:45:00;184
5/7/12;10:00:00;220
5/7/12;10:15:00;160
5/7/12;10:30:00;162
5/7/12;10:45:00;183
5/7/12;11:00:00;220
5/7/12;11:15:00;189
5/7/12;11:30:00;214
5/7/12;11:45:00;195
5/7/12;12:00:00;189
5/7/12;12:15:00;180
5/7/12;12:30:00;202
5/7/12;12:45:00;163
5/7/12;13:00:00;195
5/7/12;13:15:00;183
5/7/12;13:30:00;193
5/7/12;13:45:00;187
5/7/12;14:00:00;186
5/7/12;14:15:00;181
5/7/12;14:30:00;172
5/7/12;14:45:00;187
5/7/12;15:00:00;188
5/7/12;15:15:00;188
5/7/12;15:30:00;192
5/7/12;15:45:00;184
5/7/12;16:00:00;190
5/7/12;16:15:00;188
5/7/12;16:30:00;187
5/7/12;16:45:00;194
5/7/12;17:00:00;208
5/7/12;17:15:00;179
5/7/12;17:30:00;164
5/7/12;17:45:00;143
5/7/12;18:00:00;142
5/7/12;18:15:00;155
5/7/12;18:30:00;176
5/7/12;18:45:00;162
5/7/12;19:00:00;157
5/7/12;19:15:00;152
5/7/12;19:30:00;154
5/7/12;19:45:00;187
5/7/12;20:00:00;196
5/7/12;20:15:00;185
5/7/12;20:30:00;156
5/7/12;20:45:00;158
5/7/12;21:00:00;165
5/7/12;21:15:00;168
5/7/12;21:30:00;203
5/7/12;21:45:00;180
5/7/12;22:00:00;140
5/7/12;22:15:00;131
5/7/12;22:30:00;144
5/7/12;22:45:00;143
5/7/12;23:00:00;144
5/7/12;23:15:00;138
5/7/12;23:30:00;149
5/7/12;23:45:00;173
5/8/12;0:00:00;151
5/8/12;0:15:00;141
5/8/12;0:30:00;149
5/8/12;0:45:00;150
5/8/12;1:00:00;174
5/8/12;1:15:00;142
5/8/12;1:30:00;157
5/8/12;1:45:00;147
5/8/12;2:00:00;136
5/8/12;2:15:00;127
5/8/12;2:30:00;145
5/8/12;2:45:00;153
5/8/12;3:00:00;154
5/8/12;3:15:00;155
5/8/12;3:30:00;161
5/8/12;3:45:00;153
5/8/12;4:00:00;148
5/8/12;4:15:00;155
5/8/12;4:30:00;159
5/8/12;4:45:00;174
5/8/12;5:00:00;155
5/8/12;5:15:00;171
5/8/12;5:30:00;155
5/8/12;5:45:00;151
5/8/12;6:00:00;145
5/8/12;6:15:00;146
5/8/12;6:30:00;180
5/8/12;6:45:00;218
5/8/12;7:00:00;230
5/8/12;7:15:00;216
5/8/12;7:30:00;249
5/8/12;7:45:00;236
5/8/12;8:00:00;205
5/8/12;8:15:00;201
5/8/12;8:30:00;238
5/8/12;8:45:00;230
5/8/12;9:00:00;173
5/8/12;9:15:00;169
5/8/12;9:30:00;188
5/8/12;9:45:00;260
5/8/12;10:00:00;217
5/8/12;10:15:00;196
5/8/12;10:30:00;238
5/8/12;10:45:00;234
5/8/12;11:00:00;250
5/8/12;11:15:00;239
5/8/12;11:30:00;243
5/8/12;11:45:00;215
5/8/12;12:00:00;227
5/8/12;12:15:00;237
5/8/12;12:30:00;253
5/8/12;12:45:00;208
5/8/12;13:00:00;252
5/8/12;13:15:00;229
5/8/12;13:30:00;218
5/8/12;13:45:00;244
5/8/12;14:00:00;223
5/8/12;14:15:00;215
5/8/12;14:30:00;211
5/8/12;14:45:00;205
5/8/12;15:00:00;192
5/8/12;15:15:00;164
5/8/12;15:30:00;158
5/8/12;15:45:00;178
5/8/12;16:00:00;207
5/8/12;16:15:00;192
5/8/12;16:30:00;197
5/8/12;16:45:00;209
5/8/12;17:00:00;204
5/8/12;17:15:00;197
5/8/12;17:30:00;203
5/8/12;17:45:00;197
5/8/12;18:00:00;183
5/8/12;18:15:00;176
5/8/12;18:30:00;186
5/8/12;18:45:00;207
5/8/12;19:00:00;201
5/8/12;19:15:00;156
5/8/12;19:30:00;189
5/8/12;19:45:00;206
5/8/12;20:00:00;176
5/8/12;20:15:00;182
5/8/12;20:30:00;194
5/8/12;20:45:00;179
5/8/12;21:00:00;148
5/8/12;21:15:00;145
5/8/12;21:30:00;141
5/8/12;21:45:00;159
5/8/12;22:00:00;162
5/8/12;22:15:00;166
5/8/12;22:30:00;162
5/8/12;22:45:00;160
5/8/12;23:00:00;162
5/8/12;23:15:00;166
5/8/12;23:30:00;194
5/8/12;23:45:00;171
5/9/12;0:00:00;207
5/9/12;0:15:00;233
5/9/12;0:30:00;207
5/9/12;0:45:00;227
5/9/12;1:00:00;224
5/9/12;1:15:00;189
5/9/12;1:30:00;249
5/9/12;1:45:00;213
5/9/12;2:00:00;230
5/9/12;2:15:00;219
5/9/12;2:30:00;192
5/9/12;2:45:00;194
5/9/12;3:00:00;206
5/9/12;3:15:00;214
5/9/12;3:30:00;219
5/9/12;3:45:00;199
5/9/12;4:00:00;238
5/9/12;4:15:00;212
5/9/12;4:30:00;170
5/9/12;4:45:00;184
5/9/12;5:00:00;227
5/9/12;5:15:00;209
5/9/12;5:30:00;190
5/9/12;5:45:00;175
5/9/12;6:00:00;183
5/9/12;6:15:00;180
5/9/12;6:30:00;164
5/9/12;6:45:00;157
5/9/12;7:00:00;150
5/9/12;7:15:00;157
5/9/12;7:30:00;160
5/9/12;7:45:00;167
5/9/12;8:00:00;176
5/9/12;8:15:00;179
5/9/12;8:30:00;185
5/9/12;8:45:00;161
5/9/12;9:00:00;157
5/9/12;9:15:00;150
5/9/12;9:30:00;151
5/9/12;9:45:00;167
5/9/12;10:00:00;161
5/9/12;10:15:00;169
5/9/12;10:30:00;168
5/9/12;10:45:00;181
5/9/12;11:00:00;162
5/9/12;11:15:00;165
5/9/12;11:30:00;178
5/9/12;11:45:00;181
5/9/12;12:00:00;198
5/9/12;12:15:00;178
5/9/12;12:30:00;189
5/9/12;12:45:00;187
5/9/12;13:00:00;174
5/9/12;13:15:00;162
5/9/12;13:30:00;197
5/9/12;13:45:00;181
5/9/12;14:00:00;170
5/9/12;14:15:00;202
5/9/12;14:30:00;196
5/9/12;14:45:00;206
5/9/12;15:00:00;223
5/9/12;15:15:00;209
5/9/12;15:30:00;218
5/9/12;15:45:00;194
5/9/12;16:00:00;183
5/9/12;16:15:00;175
5/9/12;16:30:00;185
5/9/12;16:45:00;219
5/9/12;17:00:00;236
5/9/12;17:15:00;225
5/9/12;17:30:00;219
5/9/12;17:45:00;196
5/9/12;18:00:00;187
5/9/12;18:15:00;221
5/9/12;18:30:00;182
5/9/12;18:45:00;185
5/9/12;19:00:00;229
5/9/12;19:15:00;182
5/9/12;19:30:00;178
5/9/12;19:45:00;187
5/9/12;20:00:00;191
5/9/12;20:15:00;186
5/9/12;20:30:00;185
5/9/12;20:45:00;161
5/9/12;21:00:00;161
5/9/12;21:15:00;164
5/9/12;21:30:00;206
5/9/12;21:45:00;203
5/9/12;22:00:00;162
5/9/12;22:15:00;164
5/9/12;22:30:00;172
5/9/12;22:45:00;160
5/9/12;23:00:00;160
5/9/12;23:15:00;188
5/9/12;23:30:00;179
5/9/12;23:45:00;188
5/10/12;0:00:00;208
5/10/12;0:15:00;215
5/10/12;0:30:00;209
5/10/12;0:45:00;190
5/10/12;1:00:00;177
5/10/12;1:15:00;187
5/10/12;1:30:00;208
5/10/12;1:45:00;186
5/10/12;2:00:00;209
5/10/12;2:15:00;158
5/10/12;2:30:00;141
5/10/12;2:45:00;135
5/10/12;3:00:00;166
5/10/12;3:15:00;179
5/10/12;3:30:00;173
5/10/12;3:45:00;186
5/10/12;4:00:00;179
5/10/12;4:15:00;194
5/10/12;4:30:00;186
5/10/12;4:45:00;220
5/10/12;5:00:00;212
5/10/12;5:15:00;182
5/10/12;5:30:00;211
5/10/12;5:45:00;199
5/10/12;6:00:00;175
5/10/12;6:15:00;182
5/10/12;6:30:00;192
5/10/12;6:45:00;196
5/10/12;7:00:00;199
5/10/12;7:15:00;207
5/10/12;7:30:00;182
5/10/12;7:45:00;210
5/10/12;8:00:00;197
5/10/12;8:15:00;244
5/10/12;8:30:00;216
5/10/12;8:45:00;197
5/10/12;9:00:00;180
5/10/12;9:15:00;175
5/10/12;9:30:00;214
5/10/12;9:45:00;224
5/10/12;10:00:00;213
5/10/12;10:15:00;240
5/10/12;10:30:00;208
5/10/12;10:45:00;241
5/10/12;11:00:00;247
5/10/12;11:15:00;193
5/10/12;11:30:00;218
5/10/12;11:45:00;230
5/10/12;12:00:00;227
5/10/12;12:15:00;209
5/10/12;12:30:00;240
5/10/12;12:45:00;233
5/10/12;13:00:00;227
5/10/12;13:15:00;246
5/10/12;13:30:00;242
5/10/12;13:45:00;205
5/10/12;14:00:00;200
5/10/12;14:15:00;170
5/10/12;14:30:00;162
5/10/12;14:45:00;172
5/10/12;15:00:00;184
5/10/12;15:15:00;187
5/10/12;15:30:00;164
5/10/12;15:45:00;182
5/10/12;16:00:00;203
5/10/12;16:15:00;200
5/10/12;16:30:00;169
5/10/12;16:45:00;204
5/10/12;17:00:00;192
5/10/12;17:15:00;193
5/10/12;17:30:00;208
5/10/12;17:45:00;194
5/10/12;18:00:00;262
5/10/12;18:15:00;237
5/10/12;18:30:00;221
5/10/12;18:45:00;227
5/10/12;19:00:00;217
5/10/12;19:15:00;244
5/10/12;19:30:00;195
5/10/12;19:45:00;224
5/10/12;20:00:00;165
5/10/12;20:15:00;156
5/10/12;20:30:00;191
5/10/12;20:45:00;230
5/10/12;21:00:00;218
5/10/12;21:15:00;220
5/10/12;21:30:00;221
5/10/12;21:45:00;217
5/10/12;22:00:00;183
5/10/12;22:15:00;203
5/10/12;22:30:00;204
5/10/12;22:45:00;200
5/10/12;23:00:00;227
5/10/12;23:15:00;225
5/10/12;23:30:00;225
5/10/12;23:45:00;200
5/11/12;0:00:00;236
5/11/12;0:15:00;218
5/11/12;0:30:00;228
5/11/12;0:45:00;205
5/11/12;1:00:00;215
5/11/12;1:15:00;176
5/11/12;1:30:00;220
5/11/12;1:45:00;222
5/11/12;2:00:00;230
5/11/12;2:15:00;238
5/11/12;2:30:00;199
5/11/12;2:45:00;196
5/11/12;3:00:00;247
5/11/12;3:15:00;230
5/11/12;3:30:00;248
5/11/12;3:45:00;244
5/11/12;4:00:00;244
5/11/12;4:15:00;206
5/11/12;4:30:00;237
5/11/12;4:45:00;234
5/11/12;5:00:00;230
5/11/12;5:15:00;241
5/11/12;5:30:00;242
5/11/12;5:45:00;228
5/11/12;6:00:00;219
5/11/12;6:15:00;195
5/11/12;6:30:00;255
5/11/12;6:45:00;236
5/11/12;7:00:00;246
5/11/12;7:15:00;256
5/11/12;7:30:00;237
5/11/12;7:45:00;257
5/11/12;8:00:00;254
5/11/12;8:15:00;221
5/11/12;8:30:00;221
5/11/12;8:45:00;233
5/11/12;9:00:00;213
5/11/12;9:15:00;205
5/11/12;9:30:00;198
5/11/12;9:45:00;179
5/11/12;10:00:00;183
5/11/12;10:15:00;213
5/11/12;10:30:00;197
5/11/12;10:45:00;186
5/11/12;11:00:00;219
5/11/12;11:15:00;189
5/11/12;11:30:00;195
5/11/12;11:45:00;225
5/11/12;12:00:00;214
5/11/12;12:15:00;227
5/11/12;12:30:00;207
5/11/12;12:45:00;205
5/11/12;13:00:00;208
5/11/12;13:15:00;214
5/11/12;13:30:00;209
5/11/12;13:45:00;221
5/11/12;14:00:00;216
5/11/12;14:15:00;220
5/11/12;14:30:00;202
5/11/12;14:45:00;214
5/11/12;15:00:00;208
5/11/12;15:15:00;204
5/11/12;15:30:00;191
5/11/12;15:45:00;208
5/11/12;16:00:00;197
5/11/12;16:15:00;197
5/11/12;16:30:00;175
5/11/12;16:45:00;180
5/11/12;17:00:00;209
5/11/12;17:15:00;192
5/11/12;17:30:00;194
5/11/12;17:45:00;161
5/11/12;18:00:00;144
5/11/12;18:15:00;188
5/11/12;18:30:00;199
5/11/12;18:45:00;194
5/11/12;19:00:00;153
5/11/12;19:15:00;163
5/11/12;19:30:00;172
5/11/12;19:45:00;181
5/11/12;20:00:00;204
5/11/12;20:15:00;166
5/11/12;20:30:00;135
5/11/12;20:45:00;143
5/11/12;21:00:00;173
5/11/12;21:15:00;186
5/11/12;21:30:00;199
5/11/12;21:45:00;170
5/11/12;22:00:00;137
5/11/12;22:15:00;128
5/11/12;22:30:00;137
5/11/12;22:45:00;135
5/11/12;23:00:00;175
5/11/12;23:15:00;181
5/11/12;23:30:00;186
5/11/12;23:45:00;157
5/12/12;0:00:00;158
5/12/12;0:15:00;158
5/12/12;0:30:00;167
5/12/12;0:45:00;153
5/12/12;1:00:00;149
5/12/12;1:15:00;179
5/12/12;1:30:00;173
5/12/12;1:45:00;163
5/12/12;2:00:00;164
5/12/12;2:15:00;119
5/12/12;2:30:00;128
5/12/12;2:45:00;130
5/12/12;3:00:00;126
5/12/12;3:15:00;136
5/12/12;3:30:00;155
5/12/12;3:45:00;151
5/12/12;4:00:00;162
5/12/12;4:15:00;152
5/12/12;4:30:00;163
5/12/12;4:45:00;161
5/12/12;5:00:00;122
5/12/12;5:15:00;110
5/12/12;5:30:00;113
5/12/12;5:45:00;114
5/12/12;6:00:00;106
5/12/12;6:15:00;79
5/12/12;6:30:00;78
5/12/12;6:45:00;78
5/12/12;7:00:00;78
5/12/12;7:15:00;78
5/12/12;7:30:00;83
5/12/12;7:45:00;80
5/12/12;8:00:00;77
5/12/12;8:15:00;77
5/12/12;8:30:00;77
5/12/12;8:45:00;76
5/12/12;9:00:00;82
5/12/12;9:15:00;81
5/12/12;9:30:00;76
5/12/12;9:45:00;76
5/12/12;10:00:00;76
5/12/12;10:15:00;77
5/12/12;10:30:00;82
5/12/12;10:45:00;82
5/12/12;11:00:00;82
5/12/12;11:15:00;82
5/12/12;11:30:00;83
5/12/12;11:45:00;81
5/12/12;12:00:00;83
5/12/12;12:15:00;82
5/12/12;12:30:00;82
5/12/12;12:45:00;82
5/12/12;13:00:00;80
5/12/12;13:15:00;77
5/12/12;13:30:00;80
5/12/12;13:45:00;83
5/12/12;14:00:00;83
5/12/12;14:15:00;82
5/12/12;14:30:00;83
5/12/12;14:45:00;82
5/12/12;15:00:00;83
5/12/12;15:15:00;82
5/12/12;15:30:00;83
5/12/12;15:45:00;82
5/12/12;16:00:00;83
5/12/12;16:15:00;83
5/12/12;16:30:00;83
5/12/12;16:45:00;82
5/12/12;17:00:00;83
5/12/12;17:15:00;82
5/12/12;17:30:00;83
5/12/12;17:45:00;83
5/12/12;18:00:00;83
5/12/12;18:15:00;84
5/12/12;18:30:00;83
5/12/12;18:45:00;81
5/12/12;19:00:00;78
5/12/12;19:15:00;83
5/12/12;19:30:00;83
5/12/12;19:45:00;79
5/12/12;20:00:00;79
5/12/12;20:15:00;84
5/12/12;20:30:00;83
5/12/12;20:45:00;78
5/12/12;21:00:00;78
5/12/12;21:15:00;83
5/12/12;21:30:00;84
5/12/12;21:45:00;81
5/12/12;22:00:00;78
5/12/12;22:15:00;82
5/12/12;22:30:00;82
5/12/12;22:45:00;72
5/12/12;23:00:00;78
5/12/12;23:15:00;81
5/12/12;23:30:00;83
5/12/12;23:45:00;79
5/13/12;0:00:00;66
5/13/12;0:15:00;81
5/13/12;0:30:00;83
5/13/12;0:45:00;78
5/13/12;1:00:00;78
5/13/12;1:15:00;64
5/13/12;1:30:00;75
5/13/12;1:45:00;82
5/13/12;2:00:00;78
5/13/12;2:15:00;77
5/13/12;2:30:00;78
5/13/12;2:45:00;75
5/13/12;3:00:00;75
5/13/12;3:15:00;77
5/13/12;3:30:00;77
5/13/12;3:45:00;77
5/13/12;4:00:00;76
5/13/12;4:15:00;69
5/13/12;4:30:00;76
5/13/12;4:45:00;78
5/13/12;5:00:00;81
5/13/12;5:15:00;82
5/13/12;5:30:00;64
5/13/12;5:45:00;78
5/13/12;6:00:00;77
5/13/12;6:15:00;77
5/13/12;6:30:00;76
5/13/12;6:45:00;67
5/13/12;7:00:00;78
5/13/12;7:15:00;77
5/13/12;7:30:00;78
5/13/12;7:45:00;82
5/13/12;8:00:00;61
5/13/12;8:15:00;79
5/13/12;8:30:00;78
5/13/12;8:45:00;78
5/13/12;9:00:00;78
5/13/12;9:15:00;61
5/13/12;9:30:00;84
5/13/12;9:45:00;78
5/13/12;10:00:00;78
5/13/12;10:15:00;82
5/13/12;10:30:00;67
5/13/12;10:45:00;72
5/13/12;11:00:00;76
5/13/12;11:15:00;79
5/13/12;11:30:00;83
5/13/12;11:45:00;60
5/13/12;12:00:00;71
5/13/12;12:15:00;78
5/13/12;12:30:00;83
5/13/12;12:45:00;82
5/13/12;13:00:00;69
5/13/12;13:15:00;81
5/13/12;13:30:00;85
5/13/12;13:45:00;81
5/13/12;14:00:00;81
5/13/12;14:15:00;75
5/13/12;14:30:00;80
5/13/12;14:45:00;85
5/13/12;15:00:00;84
5/13/12;15:15:00;79
5/13/12;15:30:00;84
5/13/12;15:45:00;68
5/13/12;16:00:00;84
5/13/12;16:15:00;78
5/13/12;16:30:00;80
5/13/12;16:45:00;82
5/13/12;17:00:00;73
5/13/12;17:15:00;62
5/13/12;17:30:00;79
5/13/12;17:45:00;84
5/13/12;18:00:00;82
5/13/12;18:15:00;80
5/13/12;18:30:00;58
5/13/12;18:45:00;82
5/13/12;19:00:00;81
5/13/12;19:15:00;79
5/13/12;19:30:00;85
5/13/12;19:45:00;77
5/13/12;20:00:00;63
5/13/12;20:15:00;78
5/13/12;20:30:00;82
5/13/12;20:45:00;83
5/13/12;21:00:00;84
5/13/12;21:15:00;51
5/13/12;21:30:00;86
5/13/12;21:45:00;94
5/13/12;22:00:00;117
5/13/12;22:15:00;129
5/13/12;22:30:00;126
5/13/12;22:45:00;139
5/13/12;23:00:00;152
5/13/12;23:15:00;141
5/13/12;23:30:00;142
5/13/12;23:45:00;177
5/14/12;0:00:00;177
5/14/12;0:15:00;176
5/14/12;0:30:00;156
5/14/12;0:45:00;169
5/14/12;1:00:00;178
5/14/12;1:15:00;224
5/14/12;1:30:00;220
5/14/12;1:45:00;252
5/14/12;2:00:00;223
5/14/12;2:15:00;202
5/14/12;2:30:00;244
5/14/12;2:45:00;235
5/14/12;3:00:00;245
5/14/12;3:15:00;235
5/14/12;3:30:00;218
5/14/12;3:45:00;227
5/14/12;4:00:00;244
5/14/12;4:15:00;240
5/14/12;4:30:00;179
5/14/12;4:45:00;179
5/14/12;5:00:00;174
5/14/12;5:15:00;180
5/14/12;5:30:00;157
5/14/12;5:45:00;191
5/14/12;6:00:00;160
5/14/12;6:15:00;150
5/14/12;6:30:00;153
5/14/12;6:45:00;176
5/14/12;7:00:00;191
5/14/12;7:15:00;173
5/14/12;7:30:00;170
5/14/12;7:45:00;171
5/14/12;8:00:00;169
5/14/12;8:15:00;202
5/14/12;8:30:00;239
5/14/12;8:45:00;197
5/14/12;9:00:00;161
5/14/12;9:15:00;179
5/14/12;9:30:00;199
5/14/12;9:45:00;204
5/14/12;10:00:00;194
5/14/12;10:15:00;168
5/14/12;10:30:00;176
5/14/12;10:45:00;219
5/14/12;11:00:00;195
5/14/12;11:15:00;191
5/14/12;11:30:00;192
5/14/12;11:45:00;169
5/14/12;12:00:00;170
5/14/12;12:15:00;176
5/14/12;12:30:00;187
5/14/12;12:45:00;201
5/14/12;13:00:00;244
5/14/12;13:15:00;246
5/14/12;13:30:00;239
5/14/12;13:45:00;230
5/14/12;14:00:00;191
5/14/12;14:15:00;195
5/14/12;14:30:00;232
5/14/12;14:45:00;225
5/14/12;15:00:00;220
5/14/12;15:15:00;230
5/14/12;15:30:00;190
5/14/12;15:45:00;205
5/14/12;16:00:00;252
5/14/12;16:15:00;232
5/14/12;16:30:00;231
5/14/12;16:45:00;237
5/14/12;17:00:00;227
5/14/12;17:15:00;219
5/14/12;17:30:00;241
5/14/12;17:45:00;213
5/14/12;18:00:00;226
5/14/12;18:15:00;199
5/14/12;18:30:00;170
5/14/12;18:45:00;166
5/14/12;19:00:00;194
5/14/12;19:15:00;227
5/14/12;19:30:00;219
5/14/12;19:45:00;221
5/14/12;20:00:00;215
5/14/12;20:15:00;205
5/14/12;20:30:00;187
5/14/12;20:45:00;178
5/14/12;21:00:00;187
5/14/12;21:15:00;206
5/14/12;21:30:00;248
5/14/12;21:45:00;233
5/14/12;22:00:00;175
5/14/12;22:15:00;159
5/14/12;22:30:00;222
5/14/12;22:45:00;253
5/14/12;23:00:00;235
5/14/12;23:15:00;261
5/14/12;23:30:00;255
5/14/12;23:45:00;263
5/15/12;0:00:00;213
5/15/12;0:15:00;179
5/15/12;0:30:00;161
5/15/12;0:45:00;170
5/15/12;1:00:00;170
5/15/12;1:15:00;139
5/15/12;1:30:00;139
5/15/12;1:45:00;189
5/15/12;2:00:00;216
5/15/12;2:15:00;154
5/15/12;2:30:00;198
5/15/12;2:45:00;179
5/15/12;3:00:00;204
5/15/12;3:15:00;204
5/15/12;3:30:00;197
5/15/12;3:45:00;195
5/15/12;4:00:00;210
5/15/12;4:15:00;181
5/15/12;4:30:00;165
5/15/12;4:45:00;172
5/15/12;5:00:00;212
5/15/12;5:15:00;179
5/15/12;5:30:00;181
5/15/12;5:45:00;162
5/15/12;6:00:00;161
5/15/12;6:15:00;147
5/15/12;6:30:00;157
5/15/12;6:45:00;166
5/15/12;7:00:00;211
5/15/12;7:15:00;218
5/15/12;7:30:00;176
5/15/12;7:45:00;164
5/15/12;8:00:00;202
5/15/12;8:15:00;195
5/15/12;8:30:00;185
5/15/12;8:45:00;157
5/15/12;9:00:00;150
5/15/12;9:15:00;177
5/15/12;9:30:00;189
5/15/12;9:45:00;195
5/15/12;10:00:00;193
5/15/12;10:15:00;198
5/15/12;10:30:00;202
5/15/12;10:45:00;208
5/15/12;11:00:00;199
5/15/12;11:15:00;175
5/15/12;11:30:00;185
5/15/12;11:45:00;199
5/15/12;12:00:00;221
5/15/12;12:15:00;182
5/15/12;12:30:00;190
5/15/12;12:45:00;190
5/15/12;13:00:00;188
5/15/12;13:15:00;200
5/15/12;13:30:00;211
5/15/12;13:45:00;239
5/15/12;14:00:00;214
5/15/12;14:15:00;226
5/15/12;14:30:00;223
5/15/12;14:45:00;221
5/15/12;15:00:00;215
5/15/12;15:15:00;217
5/15/12;15:30:00;195
5/15/12;15:45:00;192
5/15/12;16:00:00;206
5/15/12;16:15:00;200
5/15/12;16:30:00;215
5/15/12;16:45:00;225
5/15/12;17:00:00;232
5/15/12;17:15:00;216
5/15/12;17:30:00;216
5/15/12;17:45:00;201
5/15/12;18:00:00;193
5/15/12;18:15:00;160
5/15/12;18:30:00;152
5/15/12;18:45:00;166
5/15/12;19:00:00;198
5/15/12;19:15:00;195
5/15/12;19:30:00;209
5/15/12;19:45:00;196
5/15/12;20:00:00;216
5/15/12;20:15:00;200
5/15/12;20:30:00;210
5/15/12;20:45:00;216
5/15/12;21:00:00;212
5/15/12;21:15:00;181
5/15/12;21:30:00;203
5/15/12;21:45:00;173
5/15/12;22:00:00;139
5/15/12;22:15:00;130
5/15/12;22:30:00;165
5/15/12;22:45:00;144
5/15/12;23:00:00;139
5/15/12;23:15:00;156
5/15/12;23:30:00;169
5/15/12;23:45:00;198
5/16/12;0:00:00;212
5/16/12;0:15:00;213
5/16/12;0:30:00;211
5/16/12;0:45:00;208
5/16/12;1:00:00;163
5/16/12;1:15:00;168
5/16/12;1:30:00;212
5/16/12;1:45:00;204
5/16/12;2:00:00;210
5/16/12;2:15:00;197
5/16/12;2:30:00;142
5/16/12;2:45:00;154
5/16/12;3:00:00;158
5/16/12;3:15:00;144
5/16/12;3:30:00;171
5/16/12;3:45:00;162
5/16/12;4:00:00;189
5/16/12;4:15:00;172
5/16/12;4:30:00;180
5/16/12;4:45:00;162
5/16/12;5:00:00;176
5/16/12;5:15:00;154
5/16/12;5:30:00;183
5/16/12;5:45:00;163
5/16/12;6:00:00;135
5/16/12;6:15:00;145
5/16/12;6:30:00;167
5/16/12;6:45:00;162
5/16/12;7:00:00;184
5/16/12;7:15:00;173
5/16/12;7:30:00;189
5/16/12;7:45:00;196
5/16/12;8:00:00;180
5/16/12;8:15:00;176
5/16/12;8:30:00;171
5/16/12;8:45:00;158
5/16/12;9:00:00;146
5/16/12;9:15:00;151
5/16/12;9:30:00;158
5/16/12;9:45:00;165
5/16/12;10:00:00;166
5/16/12;10:15:00;160
5/16/12;10:30:00;164
5/16/12;10:45:00;179
5/16/12;11:00:00;165
5/16/12;11:15:00;166
5/16/12;11:30:00;180
5/16/12;11:45:00;184
5/16/12;12:00:00;203
5/16/12;12:15:00;211
5/16/12;12:30:00;219
5/16/12;12:45:00;235
5/16/12;13:00:00;222
5/16/12;13:15:00;209
5/16/12;13:30:00;225
5/16/12;13:45:00;243
5/16/12;14:00:00;208
5/16/12;14:15:00;215
5/16/12;14:30:00;227
5/16/12;14:45:00;203
5/16/12;15:00:00;197
5/16/12;15:15:00;232
5/16/12;15:30:00;218
5/16/12;15:45:00;208
5/16/12;16:00:00;216
5/16/12;16:15:00;229
5/16/12;16:30:00;187
5/16/12;16:45:00;197
5/16/12;17:00:00;195
5/16/12;17:15:00;195
5/16/12;17:30:00;189
5/16/12;17:45:00;186
5/16/12;18:00:00;212
5/16/12;18:15:00;213
5/16/12;18:30:00;196
5/16/12;18:45:00;173
5/16/12;19:00:00;183
5/16/12;19:15:00;194
5/16/12;19:30:00;186
5/16/12;19:45:00;206
5/16/12;20:00:00;207
5/16/12;20:15:00;207
5/16/12;20:30:00;211
5/16/12;20:45:00;190
5/16/12;21:00:00;184
5/16/12;21:15:00;187
5/16/12;21:30:00;212
5/16/12;21:45:00;199
5/16/12;22:00:00;221
5/16/12;22:15:00;202
5/16/12;22:30:00;151
5/16/12;22:45:00;178
5/16/12;23:00:00;188
5/16/12;23:15:00;187
5/16/12;23:30:00;183
5/16/12;23:45:00;179
5/17/12;0:00:00;167
5/17/12;0:15:00;179
5/17/12;0:30:00;193
5/17/12;0:45:00;175
5/17/12;1:00:00;191
5/17/12;1:15:00;183
5/17/12;1:30:00;171
5/17/12;1:45:00;171
5/17/12;2:00:00;190
5/17/12;2:15:00;170
5/17/12;2:30:00;142
5/17/12;2:45:00;201
5/17/12;3:00:00;164
5/17/12;3:15:00;175
5/17/12;3:30:00;172
5/17/12;3:45:00;190
5/17/12;4:00:00;194
5/17/12;4:15:00;209
5/17/12;4:30:00;157
5/17/12;4:45:00;194
5/17/12;5:00:00;196
5/17/12;5:15:00;152
5/17/12;5:30:00;133
5/17/12;5:45:00;122
5/17/12;6:00:00;107
5/17/12;6:15:00;80
5/17/12;6:30:00;74
5/17/12;6:45:00;74
5/17/12;7:00:00;73
5/17/12;7:15:00;74
5/17/12;7:30:00;73
5/17/12;7:45:00;74
5/17/12;8:00:00;79
5/17/12;8:15:00;78
5/17/12;8:30:00;73
5/17/12;8:45:00;73
5/17/12;9:00:00;74
5/17/12;9:15:00;74
5/17/12;9:30:00;73
5/17/12;9:45:00;74
5/17/12;10:00:00;76
5/17/12;10:15:00;79
5/17/12;10:30:00;77
5/17/12;10:45:00;74
5/17/12;11:00:00;74
5/17/12;11:15:00;77
5/17/12;11:30:00;80
5/17/12;11:45:00;77
5/17/12;12:00:00;74
5/17/12;12:15:00;77
5/17/12;12:30:00;81
5/17/12;12:45:00;79
5/17/12;13:00:00;74
5/17/12;13:15:00;78
5/17/12;13:30:00;81
5/17/12;13:45:00;80
5/17/12;14:00:00;75
5/17/12;14:15:00;80
5/17/12;14:30:00;81
5/17/12;14:45:00;80
5/17/12;15:00:00;80
5/17/12;15:15:00;80
5/17/12;15:30:00;81
5/17/12;15:45:00;81
5/17/12;16:00:00;81
5/17/12;16:15:00;81
5/17/12;16:30:00;81
5/17/12;16:45:00;81
5/17/12;17:00:00;81
5/17/12;17:15:00;82
5/17/12;17:30:00;82
5/17/12;17:45:00;81
5/17/12;18:00:00;81
5/17/12;18:15:00;81
5/17/12;18:30:00;80
5/17/12;18:45:00;80
5/17/12;19:00:00;80
5/17/12;19:15:00;80
5/17/12;19:30:00;74
5/17/12;19:45:00;79
5/17/12;20:00:00;80
5/17/12;20:15:00;80
5/17/12;20:30:00;80
5/17/12;20:45:00;80
5/17/12;21:00:00;80
5/17/12;21:15:00;77
5/17/12;21:30:00;76
5/17/12;21:45:00;80
5/17/12;22:00:00;81
5/17/12;22:15:00;80
5/17/12;22:30:00;77
5/17/12;22:45:00;74
5/17/12;23:00:00;80
5/17/12;23:15:00;79
5/17/12;23:30:00;74
5/17/12;23:45:00;75
5/18/12;0:00:00;81
5/18/12;0:15:00;79
5/18/12;0:30:00;75
5/18/12;0:45:00;76
5/18/12;1:00:00;79
5/18/12;1:15:00;78
5/18/12;1:30:00;76
5/18/12;1:45:00;77
5/18/12;2:00:00;79
5/18/12;2:15:00;78
5/18/12;2:30:00;74
5/18/12;2:45:00;75
5/18/12;3:00:00;78
5/18/12;3:15:00;80
5/18/12;3:30:00;76
5/18/12;3:45:00;75
5/18/12;4:00:00;76
5/18/12;4:15:00;79
5/18/12;4:30:00;82
5/18/12;4:45:00;83
5/18/12;5:00:00;77
5/18/12;5:15:00;77
5/18/12;5:30:00;80
5/18/12;5:45:00;86
5/18/12;6:00:00;113
5/18/12;6:15:00;129
5/18/12;6:30:00;136
5/18/12;6:45:00;151
5/18/12;7:00:00;156
5/18/12;7:15:00;170
5/18/12;7:30:00;162
5/18/12;7:45:00;168
5/18/12;8:00:00;196
5/18/12;8:15:00;208
5/18/12;8:30:00;183
5/18/12;8:45:00;191
5/18/12;9:00:00;191
5/18/12;9:15:00;186
5/18/12;9:30:00;218
5/18/12;9:45:00;220
5/18/12;10:00:00;236
5/18/12;10:15:00;194
5/18/12;10:30:00;195
5/18/12;10:45:00;221
5/18/12;11:00:00;237
5/18/12;11:15:00;187
5/18/12;11:30:00;213
5/18/12;11:45:00;215
5/18/12;12:00:00;237
5/18/12;12:15:00;233
5/18/12;12:30:00;250
5/18/12;12:45:00;232
5/18/12;13:00:00;216
5/18/12;13:15:00;210
5/18/12;13:30:00;229
5/18/12;13:45:00;228
5/18/12;14:00:00;219
5/18/12;14:15:00;139
5/18/12;14:30:00;154
5/18/12;14:45:00;156
5/18/12;15:00:00;152
5/18/12;15:15:00;147
5/18/12;15:30:00;139
5/18/12;15:45:00;123
5/18/12;16:00:00;124
5/18/12;16:15:00;128
5/18/12;16:30:00;142
5/18/12;16:45:00;139
5/18/12;17:00:00;144
5/18/12;17:15:00;141
5/18/12;17:30:00;140
5/18/12;17:45:00;140
5/18/12;18:00:00;135
5/18/12;18:15:00;129
5/18/12;18:30:00;128
5/18/12;18:45:00;135
5/18/12;19:00:00;139
5/18/12;19:15:00;139
5/18/12;19:30:00;148
5/18/12;19:45:00;145
5/18/12;20:00:00;146
5/18/12;20:15:00;138
5/18/12;20:30:00;142
5/18/12;20:45:00;143
5/18/12;21:00:00;133
5/18/12;21:15:00;135
5/18/12;21:30:00;134
5/18/12;21:45:00;135
5/18/12;22:00:00;112
5/18/12;22:15:00;97
5/18/12;22:30:00;92
5/18/12;22:45:00;90
5/18/12;23:00:00;88
5/18/12;23:15:00;84
5/18/12;23:30:00;84
5/18/12;23:45:00;84
5/19/12;0:00:00;85
5/19/12;0:15:00;80
5/19/12;0:30:00;78
5/19/12;0:45:00;85
5/19/12;1:00:00;84
5/19/12;1:15:00;82
5/19/12;1:30:00;78
5/19/12;1:45:00;84
5/19/12;2:00:00;84
5/19/12;2:15:00;80
5/19/12;2:30:00;79
5/19/12;2:45:00;83
5/19/12;3:00:00;84
5/19/12;3:15:00;81
5/19/12;3:30:00;78
5/19/12;3:45:00;83
5/19/12;4:00:00;84
5/19/12;4:15:00;80
5/19/12;4:30:00;78
5/19/12;4:45:00;82
5/19/12;5:00:00;85
5/19/12;5:15:00;78
5/19/12;5:30:00;76
5/19/12;5:45:00;82
5/19/12;6:00:00;80
5/19/12;6:15:00;86
5/19/12;6:30:00;88
5/19/12;6:45:00;123
5/19/12;7:00:00;123
5/19/12;7:15:00;122
5/19/12;7:30:00;111
5/19/12;7:45:00;116
5/19/12;8:00:00;123
5/19/12;8:15:00;123
5/19/12;8:30:00;116
5/19/12;8:45:00;106
5/19/12;9:00:00;120
5/19/12;9:15:00;123
5/19/12;9:30:00;122
5/19/12;9:45:00;115
5/19/12;10:00:00;105
5/19/12;10:15:00;121
5/19/12;10:30:00;121
5/19/12;10:45:00;120
5/19/12;11:00:00;124
5/19/12;11:15:00;117
5/19/12;11:30:00;122
5/19/12;11:45:00;120
5/19/12;12:00:00;113
5/19/12;12:15:00;96
5/19/12;12:30:00;70
5/19/12;12:45:00;47
5/19/12;13:00:00;72
5/19/12;13:15:00;77
5/19/12;13:30:00;61
5/19/12;13:45:00;60
5/19/12;14:00:00;79
5/19/12;14:15:00;67
5/19/12;14:30:00;47
5/19/12;14:45:00;53
5/19/12;15:00:00;78
5/19/12;15:15:00;62
5/19/12;15:30:00;53
5/19/12;15:45:00;54
5/19/12;16:00:00;78
5/19/12;16:15:00;61
5/19/12;16:30:00;46
5/19/12;16:45:00;47
5/19/12;17:00:00;59
5/19/12;17:15:00;83
5/19/12;17:30:00;54
5/19/12;17:45:00;47
5/19/12;18:00:00;46
5/19/12;18:15:00;46
5/19/12;18:30:00;65
5/19/12;18:45:00;80
5/19/12;19:00:00;58
5/19/12;19:15:00;48
5/19/12;19:30:00;46
5/19/12;19:45:00;47
5/19/12;20:00:00;70
5/19/12;20:15:00;66
5/19/12;20:30:00;50
5/19/12;20:45:00;53
5/19/12;21:00:00;50
5/19/12;21:15:00;76
5/19/12;21:30:00;61
5/19/12;21:45:00;46
5/19/12;22:00:00;47
5/19/12;22:15:00;52
5/19/12;22:30:00;74
5/19/12;22:45:00;75
5/19/12;23:00:00;50
5/19/12;23:15:00;46
5/19/12;23:30:00;71
5/19/12;23:45:00;80
5/20/12;0:00:00;70
5/20/12;0:15:00;52
5/20/12;0:30:00;68
5/20/12;0:45:00;77
5/20/12;1:00:00;66
5/20/12;1:15:00;46
5/20/12;1:30:00;59
5/20/12;1:45:00;86
5/20/12;2:00:00;82
5/20/12;2:15:00;65
5/20/12;2:30:00;79
5/20/12;2:45:00;71
5/20/12;3:00:00;47
5/20/12;3:15:00;78
5/20/12;3:30:00;82
5/20/12;3:45:00;59
5/20/12;4:00:00;46
5/20/12;4:15:00;72
5/20/12;4:30:00;77
5/20/12;4:45:00;54
5/20/12;5:00:00;52
5/20/12;5:15:00;77
5/20/12;5:30:00;77
5/20/12;5:45:00;56
5/20/12;6:00:00;45
5/20/12;6:15:00;61
5/20/12;6:30:00;79
5/20/12;6:45:00;70
5/20/12;7:00:00;47
5/20/12;7:15:00;70
5/20/12;7:30:00;79
5/20/12;7:45:00;63
5/20/12;8:00:00;47
5/20/12;8:15:00;52
5/20/12;8:30:00;83
5/20/12;8:45:00;76
5/20/12;9:00:00;46
5/20/12;9:15:00;47
5/20/12;9:30:00;65
5/20/12;9:45:00;82
5/20/12;10:00:00;80
5/20/12;10:15:00;68
5/20/12;10:30:00;47
5/20/12;10:45:00;46
5/20/12;11:00:00;46
5/20/12;11:15:00;71
5/20/12;11:30:00;75
5/20/12;11:45:00;77
5/20/12;12:00:00;62
5/20/12;12:15:00;46
5/20/12;12:30:00;47
5/20/12;12:45:00;53
5/20/12;13:00:00;85
5/20/12;13:15:00;79
5/20/12;13:30:00;46
5/20/12;13:45:00;47
5/20/12;14:00:00;46
5/20/12;14:15:00;69
5/20/12;14:30:00;85
5/20/12;14:45:00;71
5/20/12;15:00:00;46
5/20/12;15:15:00;47
5/20/12;15:30:00;46
5/20/12;15:45:00;47
5/20/12;16:00:00;67
5/20/12;16:15:00;86
5/20/12;16:30:00;51
5/20/12;16:45:00;46
5/20/12;17:00:00;47
5/20/12;17:15:00;46
5/20/12;17:30:00;48
5/20/12;17:45:00;75
5/20/12;18:00:00;80
5/20/12;18:15:00;46
5/20/12;18:30:00;46
5/20/12;18:45:00;46
5/20/12;19:00:00;46
5/20/12;19:15:00;62
5/20/12;19:30:00;83
5/20/12;19:45:00;55
5/20/12;20:00:00;45
5/20/12;20:15:00;46
5/20/12;20:30:00;46
5/20/12;20:45:00;59
5/20/12;21:00:00;90
5/20/12;21:15:00;77
5/20/12;21:30:00;101
5/20/12;21:45:00;102
5/20/12;22:00:00;119
5/20/12;22:15:00;142
5/20/12;22:30:00;156
5/20/12;22:45:00;153
5/20/12;23:00:00;153
5/20/12;23:15:00;156
5/20/12;23:30:00;157
5/20/12;23:45:00;185
5/21/12;0:00:00;198
5/21/12;0:15:00;189
5/21/12;0:30:00;198
5/21/12;0:45:00;171
5/21/12;1:00:00;173
5/21/12;1:15:00;180
5/21/12;1:30:00;198
5/21/12;1:45:00;196
5/21/12;2:00:00;170
5/21/12;2:15:00;189
5/21/12;2:30:00;186
5/21/12;2:45:00;154
5/21/12;3:00:00;138
5/21/12;3:15:00;140
5/21/12;3:30:00;149
5/21/12;3:45:00;175
5/21/12;4:00:00;187
5/21/12;4:15:00;188
5/21/12;4:30:00;196
5/21/12;4:45:00;184
5/21/12;5:00:00;192
5/21/12;5:15:00;228
5/21/12;5:30:00;205
5/21/12;5:45:00;214
5/21/12;6:00:00;194
5/21/12;6:15:00;161
5/21/12;6:30:00;202
5/21/12;6:45:00;201
5/21/12;7:00:00;191
5/21/12;7:15:00;173
5/21/12;7:30:00;180
5/21/12;7:45:00;208
5/21/12;8:00:00;199
5/21/12;8:15:00;216
5/21/12;8:30:00;228
5/21/12;8:45:00;220
5/21/12;9:00:00;260
5/21/12;9:15:00;236
5/21/12;9:30:00;183
5/21/12;9:45:00;181
5/21/12;10:00:00;191
5/21/12;10:15:00;209
5/21/12;10:30:00;212
5/21/12;10:45:00;245
5/21/12;11:00:00;242
5/21/12;11:15:00;236
5/21/12;11:30:00;195
5/21/12;11:45:00;247
5/21/12;12:00:00;237
5/21/12;12:15:00;237
5/21/12;12:30:00;245
5/21/12;12:45:00;203
5/21/12;13:00:00;219
5/21/12;13:15:00;217
5/21/12;13:30:00;226
5/21/12;13:45:00;214
5/21/12;14:00:00;194
5/21/12;14:15:00;197
5/21/12;14:30:00;218
5/21/12;14:45:00;221
5/21/12;15:00:00;218
5/21/12;15:15:00;200
5/21/12;15:30:00;208
5/21/12;15:45:00;195
5/21/12;16:00:00;203
5/21/12;16:15:00;227
5/21/12;16:30:00;210
5/21/12;16:45:00;216
5/21/12;17:00:00;223
5/21/12;17:15:00;195
5/21/12;17:30:00;193
5/21/12;17:45:00;206
5/21/12;18:00:00;153
5/21/12;18:15:00;152
5/21/12;18:30:00;163
5/21/12;18:45:00;175
5/21/12;19:00:00;194
5/21/12;19:15:00;199
5/21/12;19:30:00;206
5/21/12;19:45:00;193
5/21/12;20:00:00;191
5/21/12;20:15:00;188
5/21/12;20:30:00;197
5/21/12;20:45:00;226
5/21/12;21:00:00;167
5/21/12;21:15:00;192
5/21/12;21:30:00;205
5/21/12;21:45:00;189
5/21/12;22:00:00;184
5/21/12;22:15:00;170
5/21/12;22:30:00;176
5/21/12;22:45:00;178
5/21/12;23:00:00;190
5/21/12;23:15:00;208
5/21/12;23:30:00;201
5/21/12;23:45:00;193
5/22/12;0:00:00;205
5/22/12;0:15:00;218
5/22/12;0:30:00;184
5/22/12;0:45:00;200
5/22/12;1:00:00;211
5/22/12;1:15:00;220
5/22/12;1:30:00;212
5/22/12;1:45:00;182
5/22/12;2:00:00;209
5/22/12;2:15:00;208
5/22/12;2:30:00;202
5/22/12;2:45:00;200
5/22/12;3:00:00;194
5/22/12;3:15:00;213
5/22/12;3:30:00;210
5/22/12;3:45:00;213
5/22/12;4:00:00;210
5/22/12;4:15:00;173
5/22/12;4:30:00;162
5/22/12;4:45:00;159
5/22/12;5:00:00;175
5/22/12;5:15:00;204
5/22/12;5:30:00;215
5/22/12;5:45:00;201
5/22/12;6:00:00;143
5/22/12;6:15:00;153
5/22/12;6:30:00;167
5/22/12;6:45:00;220
5/22/12;7:00:00;235
5/22/12;7:15:00;233
5/22/12;7:30:00;247
5/22/12;7:45:00;220
5/22/12;8:00:00;241
5/22/12;8:15:00;227
5/22/12;8:30:00;222
5/22/12;8:45:00;218
5/22/12;9:00:00;193
5/22/12;9:15:00;197
5/22/12;9:30:00;207
5/22/12;9:45:00;197
5/22/12;10:00:00;215
5/22/12;10:15:00;222
5/22/12;10:30:00;226
5/22/12;10:45:00;242
5/22/12;11:00:00;242
5/22/12;11:15:00;237
5/22/12;11:30:00;248
5/22/12;11:45:00;233
5/22/12;12:00:00;232
5/22/12;12:15:00;254
5/22/12;12:30:00;242
5/22/12;12:45:00;238
5/22/12;13:00:00;237
5/22/12;13:15:00;235
5/22/12;13:30:00;230
5/22/12;13:45:00;219
5/22/12;14:00:00;227
5/22/12;14:15:00;229
5/22/12;14:30:00;241
5/22/12;14:45:00;243
5/22/12;15:00:00;261
5/22/12;15:15:00;261
5/22/12;15:30:00;271
5/22/12;15:45:00;252
5/22/12;16:00:00;209
5/22/12;16:15:00;238
5/22/12;16:30:00;226
5/22/12;16:45:00;197
5/22/12;17:00:00;203
5/22/12;17:15:00;217
5/22/12;17:30:00;198
5/22/12;17:45:00;184
5/22/12;18:00:00;171
5/22/12;18:15:00;201
5/22/12;18:30:00;223
5/22/12;18:45:00;177
5/22/12;19:00:00;212
5/22/12;19:15:00;212
5/22/12;19:30:00;180
5/22/12;19:45:00;195
5/22/12;20:00:00;201
5/22/12;20:15:00;231
5/22/12;20:30:00;175
5/22/12;20:45:00;166
5/22/12;21:00:00;157
5/22/12;21:15:00;168
5/22/12;21:30:00;162
5/22/12;21:45:00;172
5/22/12;22:00:00;190
5/22/12;22:15:00;188
5/22/12;22:30:00;188
5/22/12;22:45:00;220
5/22/12;23:00:00;243
5/22/12;23:15:00;221
5/22/12;23:30:00;199
5/22/12;23:45:00;212
5/23/12;0:00:00;241
5/23/12;0:15:00;203
5/23/12;0:30:00;209
5/23/12;0:45:00;213
5/23/12;1:00:00;179
5/23/12;1:15:00;190
5/23/12;1:30:00;211
5/23/12;1:45:00;206
5/23/12;2:00:00;200
5/23/12;2:15:00;200
5/23/12;2:30:00;204
5/23/12;2:45:00;187
5/23/12;3:00:00;210
5/23/12;3:15:00;218
5/23/12;3:30:00;179
5/23/12;3:45:00;173
5/23/12;4:00:00;177
5/23/12;4:15:00;192
5/23/12;4:30:00;219
5/23/12;4:45:00;224
5/23/12;5:00:00;201
5/23/12;5:15:00;198
5/23/12;5:30:00;197
5/23/12;5:45:00;185
5/23/12;6:00:00;186
5/23/12;6:15:00;178
5/23/12;6:30:00;210
5/23/12;6:45:00;231
5/23/12;7:00:00;231
5/23/12;7:15:00;204
5/23/12;7:30:00;226
5/23/12;7:45:00;247
5/23/12;8:00:00;237
5/23/12;8:15:00;208
5/23/12;8:30:00;248
5/23/12;8:45:00;196
5/23/12;9:00:00;193
5/23/12;9:15:00;215
5/23/12;9:30:00;247
5/23/12;9:45:00;212
5/23/12;10:00:00;222
5/23/12;10:15:00;238
5/23/12;10:30:00;229
5/23/12;10:45:00;244
5/23/12;11:00:00;240
5/23/12;11:15:00;234
5/23/12;11:30:00;256
5/23/12;11:45:00;246
5/23/12;12:00:00;221
5/23/12;12:15:00;233
5/23/12;12:30:00;229
5/23/12;12:45:00;215
5/23/12;13:00:00;208
5/23/12;13:15:00;195
5/23/12;13:30:00;203
5/23/12;13:45:00;206
5/23/12;14:00:00;223
5/23/12;14:15:00;212
5/23/12;14:30:00;209
5/23/12;14:45:00;204
5/23/12;15:00:00;207
5/23/12;15:15:00;219
5/23/12;15:30:00;202
5/23/12;15:45:00;200
5/23/12;16:00:00;217
5/23/12;16:15:00;195
5/23/12;16:30:00;207
5/23/12;16:45:00;212
5/23/12;17:00:00;191
5/23/12;17:15:00;208
5/23/12;17:30:00;215
5/23/12;17:45:00;202
5/23/12;18:00:00;183
5/23/12;18:15:00;189
5/23/12;18:30:00;173
5/23/12;18:45:00;199
5/23/12;19:00:00;195
5/23/12;19:15:00;209
5/23/12;19:30:00;189
5/23/12;19:45:00;208
5/23/12;20:00:00;187
5/23/12;20:15:00;167
5/23/12;20:30:00;170
5/23/12;20:45:00;201
5/23/12;21:00:00;189
5/23/12;21:15:00;196
5/23/12;21:30:00;186
5/23/12;21:45:00;185
5/23/12;22:00:00;175
5/23/12;22:15:00;174
5/23/12;22:30:00;166
5/23/12;22:45:00;171
5/23/12;23:00:00;177
5/23/12;23:15:00;179
5/23/12;23:30:00;181
5/23/12;23:45:00;182
5/24/12;0:00:00;184
5/24/12;0:15:00;176
5/24/12;0:30:00;182
5/24/12;0:45:00;170
5/24/12;1:00:00;180
5/24/12;1:15:00;207
5/24/12;1:30:00;169
5/24/12;1:45:00;157
5/24/12;2:00:00;171
5/24/12;2:15:00;171
5/24/12;2:30:00;159
5/24/12;2:45:00;161
5/24/12;3:00:00;181
5/24/12;3:15:00;178
5/24/12;3:30:00;164
5/24/12;3:45:00;157
5/24/12;4:00:00;160
5/24/12;4:15:00;180
5/24/12;4:30:00;172
5/24/12;4:45:00;166
5/24/12;5:00:00;171
5/24/12;5:15:00;179
5/24/12;5:30:00;197
5/24/12;5:45:00;174
5/24/12;6:00:00;167
5/24/12;6:15:00;178
5/24/12;6:30:00;187
5/24/12;6:45:00;206
5/24/12;7:00:00;210
5/24/12;7:15:00;196
5/24/12;7:30:00;198
5/24/12;7:45:00;200
5/24/12;8:00:00;196
5/24/12;8:15:00;204
5/24/12;8:30:00;198
5/24/12;8:45:00;197
5/24/12;9:00:00;180
5/24/12;9:15:00;185
5/24/12;9:30:00;191
5/24/12;9:45:00;201
5/24/12;10:00:00;203
5/24/12;10:15:00;199
5/24/12;10:30:00;196
5/24/12;10:45:00;205
5/24/12;11:00:00;240
5/24/12;11:15:00;198
5/24/12;11:30:00;227
5/24/12;11:45:00;216
5/24/12;12:00:00;214
5/24/12;12:15:00;214
5/24/12;12:30:00;202
5/24/12;12:45:00;194
5/24/12;13:00:00;201
5/24/12;13:15:00;203
5/24/12;13:30:00;211
5/24/12;13:45:00;211
5/24/12;14:00:00;204
5/24/12;14:15:00;223
5/24/12;14:30:00;212
5/24/12;14:45:00;206
5/24/12;15:00:00;220
5/24/12;15:15:00;220
5/24/12;15:30:00;205
5/24/12;15:45:00;217
5/24/12;16:00:00;216
5/24/12;16:15:00;224
5/24/12;16:30:00;203
5/24/12;16:45:00;219
5/24/12;17:00:00;192
5/24/12;17:15:00;192
5/24/12;17:30:00;216
5/24/12;17:45:00;205
5/24/12;18:00:00;190
5/24/12;18:15:00;202
5/24/12;18:30:00;200
5/24/12;18:45:00;152
5/24/12;19:00:00;190
5/24/12;19:15:00;170
5/24/12;19:30:00;154
5/24/12;19:45:00;188
5/24/12;20:00:00;194
5/24/12;20:15:00;169
5/24/12;20:30:00;186
5/24/12;20:45:00;207
5/24/12;21:00:00;182
5/24/12;21:15:00;176
5/24/12;21:30:00;208
5/24/12;21:45:00;182
5/24/12;22:00:00;181
5/24/12;22:15:00;175
5/24/12;22:30:00;149
5/24/12;22:45:00;156
5/24/12;23:00:00;163
5/24/12;23:15:00;154
5/24/12;23:30:00;153
5/24/12;23:45:00;149
5/25/12;0:00:00;173
5/25/12;0:15:00;158
5/25/12;0:30:00;151
5/25/12;0:45:00;169
5/25/12;1:00:00;160
5/25/12;1:15:00;151
5/25/12;1:30:00;149
5/25/12;1:45:00;169
5/25/12;2:00:00;175
5/25/12;2:15:00;164
5/25/12;2:30:00;144
5/25/12;2:45:00;135
5/25/12;3:00:00;154
5/25/12;3:15:00;155
5/25/12;3:30:00;135
5/25/12;3:45:00;136
5/25/12;4:00:00;135
5/25/12;4:15:00;172
5/25/12;4:30:00;178
5/25/12;4:45:00;145
5/25/12;5:00:00;157
5/25/12;5:15:00;171
5/25/12;5:30:00;173
5/25/12;5:45:00;150
5/25/12;6:00:00;147
5/25/12;6:15:00;152
5/25/12;6:30:00;170
5/25/12;6:45:00;184
5/25/12;7:00:00;195
5/25/12;7:15:00;231
5/25/12;7:30:00;245
5/25/12;7:45:00;254
5/25/12;8:00:00;264
5/25/12;8:15:00;228
5/25/12;8:30:00;228
5/25/12;8:45:00;207
5/25/12;9:00:00;195
5/25/12;9:15:00;187
5/25/12;9:30:00;195
5/25/12;9:45:00;199
5/25/12;10:00:00;251
5/25/12;10:15:00;241
5/25/12;10:30:00;216
5/25/12;10:45:00;226
5/25/12;11:00:00;228
5/25/12;11:15:00;207
5/25/12;11:30:00;227
5/25/12;11:45:00;188
5/25/12;12:00:00;191
5/25/12;12:15:00;215
5/25/12;12:30:00;175
5/25/12;12:45:00;196
5/25/12;13:00:00;199
5/25/12;13:15:00;182
5/25/12;13:30:00;205
5/25/12;13:45:00;198
5/25/12;14:00:00;177
5/25/12;14:15:00;201
5/25/12;14:30:00;227
5/25/12;14:45:00;187
5/25/12;15:00:00;186
5/25/12;15:15:00;237
5/25/12;15:30:00;221
5/25/12;15:45:00;199
5/25/12;16:00:00;182
5/25/12;16:15:00;212
5/25/12;16:30:00;197
5/25/12;16:45:00;171
5/25/12;17:00:00;217
5/25/12;17:15:00;187
5/25/12;17:30:00;212
5/25/12;17:45:00;151
5/25/12;18:00:00;154
5/25/12;18:15:00;156
5/25/12;18:30:00;153
5/25/12;18:45:00;158
5/25/12;19:00:00;165
5/25/12;19:15:00;211
5/25/12;19:30:00;178
5/25/12;19:45:00;186
5/25/12;20:00:00;181
5/25/12;20:15:00;183
5/25/12;20:30:00;196
5/25/12;20:45:00;177
5/25/12;21:00:00;208
5/25/12;21:15:00;193
5/25/12;21:30:00;214
5/25/12;21:45:00;162
5/25/12;22:00:00;123
5/25/12;22:15:00;118
5/25/12;22:30:00;129
5/25/12;22:45:00;142
5/25/12;23:00:00;118
5/25/12;23:15:00;128
5/25/12;23:30:00;122
5/25/12;23:45:00;120
5/26/12;0:00:00;144
5/26/12;0:15:00;119
5/26/12;0:30:00;108
5/26/12;0:45:00;105
5/26/12;1:00:00;116
5/26/12;1:15:00;118
5/26/12;1:30:00;105
5/26/12;1:45:00;108
5/26/12;2:00:00;116
5/26/12;2:15:00;113
5/26/12;2:30:00;115
5/26/12;2:45:00;123
5/26/12;3:00:00;112
5/26/12;3:15:00;108
5/26/12;3:30:00;128
5/26/12;3:45:00;119
5/26/12;4:00:00;111
5/26/12;4:15:00;117
5/26/12;4:30:00;116
5/26/12;4:45:00;125
5/26/12;5:00:00;116
5/26/12;5:15:00;127
5/26/12;5:30:00;126
5/26/12;5:45:00;101
5/26/12;6:00:00;98
5/26/12;6:15:00;107
5/26/12;6:30:00;121
5/26/12;6:45:00;128
5/26/12;7:00:00;119
5/26/12;7:15:00;120
5/26/12;7:30:00;122
5/26/12;7:45:00;114
5/26/12;8:00:00;120
5/26/12;8:15:00;131
5/26/12;8:30:00;118
5/26/12;8:45:00;119
5/26/12;9:00:00;121
5/26/12;9:15:00;114
5/26/12;9:30:00;106
5/26/12;9:45:00;109
5/26/12;10:00:00;106
5/26/12;10:15:00;106
5/26/12;10:30:00;111
5/26/12;10:45:00;115
5/26/12;11:00:00;128
5/26/12;11:15:00;133
5/26/12;11:30:00;153
5/26/12;11:45:00;114
5/26/12;12:00:00;113
5/26/12;12:15:00;107
5/26/12;12:30:00;112
5/26/12;12:45:00;114
5/26/12;13:00:00;108
5/26/12;13:15:00;85
5/26/12;13:30:00;75
5/26/12;13:45:00;77
5/26/12;14:00:00;81
5/26/12;14:15:00;76
5/26/12;14:30:00;74
5/26/12;14:45:00;75
5/26/12;15:00:00;74
5/26/12;15:15:00;76
5/26/12;15:30:00;80
5/26/12;15:45:00;74
5/26/12;16:00:00;74
5/26/12;16:15:00;74
5/26/12;16:30:00;74
5/26/12;16:45:00;76
5/26/12;17:00:00;80
5/26/12;17:15:00;74
5/26/12;17:30:00;74
5/26/12;17:45:00;73
5/26/12;18:00:00;74
5/26/12;18:15:00;74
5/26/12;18:30:00;79
5/26/12;18:45:00;74
5/26/12;19:00:00;72
5/26/12;19:15:00;73
5/26/12;19:30:00;72
5/26/12;19:45:00;75
5/26/12;20:00:00;78
5/26/12;20:15:00;73
5/26/12;20:30:00;73
5/26/12;20:45:00;73
5/26/12;21:00:00;72
5/26/12;21:15:00;75
5/26/12;21:30:00;79
5/26/12;21:45:00;73
5/26/12;22:00:00;73
5/26/12;22:15:00;72
5/26/12;22:30:00;72
5/26/12;22:45:00;74
5/26/12;23:00:00;79
5/26/12;23:15:00;72
5/26/12;23:30:00;72
5/26/12;23:45:00;72
5/27/12;0:00:00;74
5/27/12;0:15:00;77
5/27/12;0:30:00;77
5/27/12;0:45:00;72
5/27/12;1:00:00;72
5/27/12;1:15:00;71
5/27/12;1:30:00;72
5/27/12;1:45:00;77
5/27/12;2:00:00;76
5/27/12;2:15:00;72
5/27/12;2:30:00;73
5/27/12;2:45:00;73
5/27/12;3:00:00;72
5/27/12;3:15:00;77
5/27/12;3:30:00;76
5/27/12;3:45:00;74
5/27/12;4:00:00;72
5/27/12;4:15:00;73
5/27/12;4:30:00;72
5/27/12;4:45:00;78
5/27/12;5:00:00;76
5/27/12;5:15:00;72
5/27/12;5:30:00;71
5/27/12;5:45:00;71
5/27/12;6:00:00;72
5/27/12;6:15:00;77
5/27/12;6:30:00;73
5/27/12;6:45:00;70
5/27/12;7:00:00;71
5/27/12;7:15:00;73
5/27/12;7:30:00;75
5/27/12;7:45:00;79
5/27/12;8:00:00;73
5/27/12;8:15:00;72
5/27/12;8:30:00;72
5/27/12;8:45:00;72
5/27/12;9:00:00;77
5/27/12;9:15:00;76
5/27/12;9:30:00;72
5/27/12;9:45:00;72
5/27/12;10:00:00;61
5/27/12;10:15:00;73
5/27/12;10:30:00;77
5/27/12;10:45:00;74
5/27/12;11:00:00;70
5/27/12;11:15:00;72
5/27/12;11:30:00;71
5/27/12;11:45:00;74
5/27/12;12:00:00;77
5/27/12;12:15:00;72
5/27/12;12:30:00;71
5/27/12;12:45:00;72
5/27/12;13:00:00;73
5/27/12;13:15:00;77
5/27/12;13:30:00;78
5/27/12;13:45:00;73
5/27/12;14:00:00;73
5/27/12;14:15:00;74
5/27/12;14:30:00;73
5/27/12;14:45:00;78
5/27/12;15:00:00;76
5/27/12;15:15:00;74
5/27/12;15:30:00;73
5/27/12;15:45:00;74
5/27/12;16:00:00;73
5/27/12;16:15:00;79
5/27/12;16:30:00;76
5/27/12;16:45:00;72
5/27/12;17:00:00;73
5/27/12;17:15:00;72
5/27/12;17:30:00;73
5/27/12;17:45:00;77
5/27/12;18:00:00;75
5/27/12;18:15:00;72
5/27/12;18:30:00;72
5/27/12;18:45:00;73
5/27/12;19:00:00;74
5/27/12;19:15:00;79
5/27/12;19:30:00;74
5/27/12;19:45:00;73
5/27/12;20:00:00;72
5/27/12;20:15:00;73
5/27/12;20:30:00;75
5/27/12;20:45:00;79
5/27/12;21:00:00;73
5/27/12;21:15:00;72
5/27/12;21:30:00;72
5/27/12;21:45:00;73
5/27/12;22:00:00;76
5/27/12;22:15:00;78
5/27/12;22:30:00;72
5/27/12;22:45:00;72
5/27/12;23:00:00;72
5/27/12;23:15:00;72
5/27/12;23:30:00;77
5/27/12;23:45:00;76
5/28/12;0:00:00;71
5/28/12;0:15:00;78
5/28/12;0:30:00;74
5/28/12;0:45:00;72
5/28/12;1:00:00;73
5/28/12;1:15:00;72
5/28/12;1:30:00;74
5/28/12;1:45:00;78
5/28/12;2:00:00;74
5/28/12;2:15:00;72
5/28/12;2:30:00;73
5/28/12;2:45:00;72
5/28/12;3:00:00;75
5/28/12;3:15:00;77
5/28/12;3:30:00;72
5/28/12;3:45:00;72
5/28/12;4:00:00;71
5/28/12;4:15:00;72
5/28/12;4:30:00;76
5/28/12;4:45:00;76
5/28/12;5:00:00;71
5/28/12;5:15:00;73
5/28/12;5:30:00;71
5/28/12;5:45:00;73
5/28/12;6:00:00;78
5/28/12;6:15:00;74
5/28/12;6:30:00;74
5/28/12;6:45:00;72
5/28/12;7:00:00;73
5/28/12;7:15:00;76
5/28/12;7:30:00;78
5/28/12;7:45:00;73
5/28/12;8:00:00;73
5/28/12;8:15:00;72
5/28/12;8:30:00;74
5/28/12;8:45:00;78
5/28/12;9:00:00;75
5/28/12;9:15:00;73
5/28/12;9:30:00;72
5/28/12;9:45:00;73
5/28/12;10:00:00;75
5/28/12;10:15:00;79
5/28/12;10:30:00;73
5/28/12;10:45:00;72
5/28/12;11:00:00;73
5/28/12;11:15:00;72
5/28/12;11:30:00;78
5/28/12;11:45:00;76
5/28/12;12:00:00;73
5/28/12;12:15:00;74
5/28/12;12:30:00;73
5/28/12;12:45:00;74
5/28/12;13:00:00;79
5/28/12;13:15:00;74
5/28/12;13:30:00;73
5/28/12;13:45:00;73
5/28/12;14:00:00;73
5/28/12;14:15:00;78
5/28/12;14:30:00;77
5/28/12;14:45:00;73
5/28/12;15:00:00;73
5/28/12;15:15:00;72
5/28/12;15:30:00;75
5/28/12;15:45:00;78
5/28/12;16:00:00;74
5/28/12;16:15:00;76
5/28/12;16:30:00;74
5/28/12;16:45:00;75
5/28/12;17:00:00;78
5/28/12;17:15:00;79
5/28/12;17:30:00;74
5/28/12;17:45:00;74
5/28/12;18:00:00;73
5/28/12;18:15:00;73
5/28/12;18:30:00;77
5/28/12;18:45:00;75
5/28/12;19:00:00;71
5/28/12;19:15:00;71
5/28/12;19:30:00;71
5/28/12;19:45:00;73
5/28/12;20:00:00;76
5/28/12;20:15:00;75
5/28/12;20:30:00;73
5/28/12;20:45:00;71
5/28/12;21:00:00;72
5/28/12;21:15:00;74
5/28/12;21:30:00;81
5/28/12;21:45:00;93
5/28/12;22:00:00;106
5/28/12;22:15:00;141
5/28/12;22:30:00;152
5/28/12;22:45:00;164
5/28/12;23:00:00;177
5/28/12;23:15:00;192
5/28/12;23:30:00;218
5/28/12;23:45:00;207
5/29/12;0:00:00;184
5/29/12;0:15:00;171
5/29/12;0:30:00;199
5/29/12;0:45:00;194
5/29/12;1:00:00;215
5/29/12;1:15:00;219
5/29/12;1:30:00;223
5/29/12;1:45:00;225
5/29/12;2:00:00;178
5/29/12;2:15:00;151
5/29/12;2:30:00;186
5/29/12;2:45:00;200
5/29/12;3:00:00;207
5/29/12;3:15:00;221
5/29/12;3:30:00;191
5/29/12;3:45:00;181
5/29/12;4:00:00;177
5/29/12;4:15:00;199
5/29/12;4:30:00;214
5/29/12;4:45:00;219
5/29/12;5:00:00;224
5/29/12;5:15:00;182
5/29/12;5:30:00;194
5/29/12;5:45:00;158
5/29/12;6:00:00;148
5/29/12;6:15:00;155
5/29/12;6:30:00;161
5/29/12;6:45:00;220
5/29/12;7:00:00;210
5/29/12;7:15:00;224
5/29/12;7:30:00;227
5/29/12;7:45:00;225
5/29/12;8:00:00;192
5/29/12;8:15:00;212
5/29/12;8:30:00;232
5/29/12;8:45:00;188
5/29/12;9:00:00;173
5/29/12;9:15:00;170
5/29/12;9:30:00;219
5/29/12;9:45:00;234
5/29/12;10:00:00;232
5/29/12;10:15:00;233
5/29/12;10:30:00;210
5/29/12;10:45:00;225
5/29/12;11:00:00;203
5/29/12;11:15:00;213
5/29/12;11:30:00;243
5/29/12;11:45:00;240
5/29/12;12:00:00;224
5/29/12;12:15:00;215
5/29/12;12:30:00;220
5/29/12;12:45:00;235
5/29/12;13:00:00;206
5/29/12;13:15:00;188
5/29/12;13:30:00;246
5/29/12;13:45:00;243
5/29/12;14:00:00;200
5/29/12;14:15:00;197
5/29/12;14:30:00;219
5/29/12;14:45:00;197
5/29/12;15:00:00;208
5/29/12;15:15:00;230
5/29/12;15:30:00;196
5/29/12;15:45:00;196
5/29/12;16:00:00;206
5/29/12;16:15:00;188
5/29/12;16:30:00;208
5/29/12;16:45:00;189
5/29/12;17:00:00;224
5/29/12;17:15:00;188
5/29/12;17:30:00;181
5/29/12;17:45:00;224
5/29/12;18:00:00;192
5/29/12;18:15:00;174
5/29/12;18:30:00;164
5/29/12;18:45:00;160
5/29/12;19:00:00;189
5/29/12;19:15:00;201
5/29/12;19:30:00;193
5/29/12;19:45:00;164
5/29/12;20:00:00;178
5/29/12;20:15:00;215
5/29/12;20:30:00;190
5/29/12;20:45:00;190
5/29/12;21:00:00;197
5/29/12;21:15:00;171
5/29/12;21:30:00;193
5/29/12;21:45:00;194
5/29/12;22:00:00;171
5/29/12;22:15:00;170
5/29/12;22:30:00;175
5/29/12;22:45:00;201
5/29/12;23:00:00;208
5/29/12;23:15:00;197
5/29/12;23:30:00;194
5/29/12;23:45:00;192
5/30/12;0:00:00;184
5/30/12;0:15:00;210
5/30/12;0:30:00;204
5/30/12;0:45:00;205
5/30/12;1:00:00;196
5/30/12;1:15:00;216
5/30/12;1:30:00;201
5/30/12;1:45:00;178
5/30/12;2:00:00;200
5/30/12;2:15:00;211
5/30/12;2:30:00;163
5/30/12;2:45:00;156
5/30/12;3:00:00;206
5/30/12;3:15:00;220
5/30/12;3:30:00;204
5/30/12;3:45:00;197
5/30/12;4:00:00;216
5/30/12;4:15:00;216
5/30/12;4:30:00;212
5/30/12;4:45:00;207
5/30/12;5:00:00;217
5/30/12;5:15:00;207
5/30/12;5:30:00;184
5/30/12;5:45:00;204
5/30/12;6:00:00;171
5/30/12;6:15:00;150
5/30/12;6:30:00;175
5/30/12;6:45:00;207
5/30/12;7:00:00;200
5/30/12;7:15:00;208
5/30/12;7:30:00;207
5/30/12;7:45:00;204
5/30/12;8:00:00;208
5/30/12;8:15:00;172
5/30/12;8:30:00;175
5/30/12;8:45:00;177
5/30/12;9:00:00;188
5/30/12;9:15:00;192
5/30/12;9:30:00;204
5/30/12;9:45:00;195
5/30/12;10:00:00;220
5/30/12;10:15:00;191
5/30/12;10:30:00;181
5/30/12;10:45:00;229
5/30/12;11:00:00;247
5/30/12;11:15:00;219
5/30/12;11:30:00;226
5/30/12;11:45:00;191
5/30/12;12:00:00;233
5/30/12;12:15:00;241
5/30/12;12:30:00;225
5/30/12;12:45:00;201
5/30/12;13:00:00;201
5/30/12;13:15:00;201
5/30/12;13:30:00;203
5/30/12;13:45:00;213
5/30/12;14:00:00;212
5/30/12;14:15:00;211
5/30/12;14:30:00;247
5/30/12;14:45:00;220
5/30/12;15:00:00;223
5/30/12;15:15:00;223
5/30/12;15:30:00;229
5/30/12;15:45:00;219
5/30/12;16:00:00;239
5/30/12;16:15:00;235
5/30/12;16:30:00;213
5/30/12;16:45:00;260
5/30/12;17:00:00;211
5/30/12;17:15:00;220
5/30/12;17:30:00;227
5/30/12;17:45:00;249
5/30/12;18:00:00;225
5/30/12;18:15:00;233
5/30/12;18:30:00;191
5/30/12;18:45:00;178
5/30/12;19:00:00;176
5/30/12;19:15:00;204
5/30/12;19:30:00;222
5/30/12;19:45:00;231
5/30/12;20:00:00;207
5/30/12;20:15:00;226
5/30/12;20:30:00;258
5/30/12;20:45:00;205
5/30/12;21:00:00;238
5/30/12;21:15:00;217
5/30/12;21:30:00;177
5/30/12;21:45:00;198
5/30/12;22:00:00;187
5/30/12;22:15:00;167
5/30/12;22:30:00;187
5/30/12;22:45:00;205
5/30/12;23:00:00;188
5/30/12;23:15:00;202
5/30/12;23:30:00;183
5/30/12;23:45:00;191
5/31/12;0:00:00;195
5/31/12;0:15:00;183
5/31/12;0:30:00;168
5/31/12;0:45:00;177
5/31/12;1:00:00;189
5/31/12;1:15:00;180
5/31/12;1:30:00;170
5/31/12;1:45:00;174
5/31/12;2:00:00;185
5/31/12;2:15:00;188
5/31/12;2:30:00;145
5/31/12;2:45:00;167
5/31/12;3:00:00;197
5/31/12;3:15:00;179
5/31/12;3:30:00;152
5/31/12;3:45:00;162
5/31/12;4:00:00;179
5/31/12;4:15:00;175
5/31/12;4:30:00;221
5/31/12;4:45:00;204
5/31/12;5:00:00;207
5/31/12;5:15:00;179
5/31/12;5:30:00;158
5/31/12;5:45:00;156
5/31/12;6:00:00;148
5/31/12;6:15:00;155
5/31/12;6:30:00;182
5/31/12;6:45:00;238
5/31/12;7:00:00;198
5/31/12;7:15:00;195
5/31/12;7:30:00;220
5/31/12;7:45:00;230
5/31/12;8:00:00;213
5/31/12;8:15:00;229
5/31/12;8:30:00;233
5/31/12;8:45:00;238
5/31/12;9:00:00;209
5/31/12;9:15:00;218
5/31/12;9:30:00;223
5/31/12;9:45:00;237
5/31/12;10:00:00;244
5/31/12;10:15:00;230
5/31/12;10:30:00;220
5/31/12;10:45:00;207
5/31/12;11:00:00;251
5/31/12;11:15:00;249
5/31/12;11:30:00;241
5/31/12;11:45:00;213
5/31/12;12:00:00;212
5/31/12;12:15:00;236
5/31/12;12:30:00;236
5/31/12;12:45:00;255
5/31/12;13:00:00;241
5/31/12;13:15:00;227
5/31/12;13:30:00;255
5/31/12;13:45:00;234
5/31/12;14:00:00;218
5/31/12;14:15:00;200
5/31/12;14:30:00;216
5/31/12;14:45:00;221
5/31/12;15:00:00;190
5/31/12;15:15:00;214
5/31/12;15:30:00;210
5/31/12;15:45:00;228
5/31/12;16:00:00;248
5/31/12;16:15:00;217
5/31/12;16:30:00;232
5/31/12;16:45:00;232
5/31/12;17:00:00;221
5/31/12;17:15:00;242
5/31/12;17:30:00;193
5/31/12;17:45:00;183
5/31/12;18:00:00;204
5/31/12;18:15:00;222
5/31/12;18:30:00;201
5/31/12;18:45:00;212
5/31/12;19:00:00;182
5/31/12;19:15:00;167
5/31/12;19:30:00;178
5/31/12;19:45:00;225
5/31/12;20:00:00;209
5/31/12;20:15:00;229
5/31/12;20:30:00;215
5/31/12;20:45:00;228
5/31/12;21:00:00;226
5/31/12;21:15:00;187
5/31/12;21:30:00;230
5/31/12;21:45:00;200
5/31/12;22:00:00;203
5/31/12;22:15:00;156
5/31/12;22:30:00;157
5/31/12;22:45:00;162
5/31/12;23:00:00;201
5/31/12;23:15:00;189
5/31/12;23:30:00;173
5/31/12;23:45:00;198